,variance,skewness,curtosis,entropy,class
count,1372.0,1372.0,1372.0,1372.0,1372.0
mean,0.4337352570699707,1.9223531206393585,1.3976271172667638,-1.1916565200437317,0.4446064139941691
std,2.8427625862785617,5.869046743695517,4.310030090106596,2.10101313735961,0.4971032701256608
min,-7.0421,-13.7731,-5.2861,-8.5482,0.0
25%,-1.7730000000000001,-1.7082000000000002,-1.574975,-2.41345,0.0
50%,0.49617999999999995,2.31965,0.61663,-0.58665,0.0
75%,2.821475,6.8146249999999995,3.1792499999999997,0.39481,1.0
max,6.8248,12.9516,17.9274,2.4495,1.0
